Workbook

Sheet Test Cases
A1: Test Case ID | B1: Feature | C1: Test Scenario | D1: Test Type | E1: Priority | F1: Preconditions | G1: Test Steps | H1: Test Data | I1: Expected Result | J1: Actual Result | K1: Status
A2: WD-POS-01 | B2: Withdraw Rupiah - End-to-End | C2: Withdrawal valid Rp50.000 ke rekening BCA berhasil | D2: Positive | E2: High | F2: 1. User dummy_user (QA001) sudah login 2. Saldo Rp200.000 3. Rekening BCA 1234567890 a.n. Budi QA terdaftar & terverifikasi 4. Berada di halaman Withdraw Rupiah | G2: 1. Input nominal withdrawal 50000 2. Pilih rekening tujuan BCA 1234567890 (Budi QA) 3. Tap tombol Lanjut 4. Pada halaman konfirmasi, tap Konfirmasi 5. Input OTP 123456 sebelum 60 detik sejak OTP diterbitkan 6. Tap tombol Verifikasi/Submit 7. Periksa status transaksi, saldo, dan riwayat transaksi | H2: Nominal: 50000 Rekening: BCA 1234567890 OTP: 123456 Admin fee: Rp2.500 | I2: 1. Halaman konfirmasi: nominal Rp50.000, fee Rp2.500, total dipotong Rp52.500 2. OTP diterima dan transaksi diproses 3. Status akhir transaksi: Completed 4. Saldo menjadi Rp147.500 (terpotong satu kali) 5. Riwayat: Rp50.000, rekening BCA, status Completed | K2: Not Executed
A3: WD-POS-02 | B3: Withdraw Rupiah - Confirmation | C3: Halaman konfirmasi menampilkan seluruh informasi wajib dengan perhitungan benar | D3: Positive | E3: High | F3: 1. User dummy_user (QA001) sudah login 2. Saldo Rp200.000 3. Rekening BCA 1234567890 a.n. Budi QA terdaftar & terverifikasi 4. Berada di halaman Withdraw Rupiah | G3: 1. Input nominal withdrawal 50000 2. Pilih rekening tujuan BCA 1234567890 (Budi QA) 3. Tap tombol Lanjut 4. Periksa seluruh informasi di halaman konfirmasi (jangan konfirmasi dulu) 5. Periksa saldo pada halaman utama/dompet | H3: Nominal: 50000 Rekening: BCA 1234567890 | I3: 1. Tampil: Nominal Rp50.000 2. Tampil: Bank BCA, nomor rekening tersamarkan , pemilik Budi QA 3. Tampil: Biaya administrasi Rp2.500 4. Tampil: Total saldo dipotong Rp52.500 5. Saldo belum berubah (Rp200.000) sebelum OTP dan konfirmasi akhir | K3: Not Executed
A4: WD-POS-03 | B4: Withdraw Rupiah - Cancel | C4: Kembali/batal dari halaman konfirmasi sebelum OTP tidak membuat transaksi dan tidak memotong saldo | D4: Positive | E4: Medium | F4: 1. User dummy_user (QA001) sudah login 2. Saldo Rp200.000 3. Rekening BCA 1234567890 a.n. Budi QA terdaftar & terverifikasi 4. Berada di halaman Withdraw Rupiah | G4: 1. Input nominal withdrawal 50000 2. Pilih rekening tujuan BCA 1234567890 (Budi QA) 3. Tap tombol Lanjut 4. Pada halaman konfirmasi, tap Kembali/Batal 5. Buka riwayat transaksi dan periksa saldo | H4: Nominal: 50000 Rekening: BCA 1234567890 | I4: 1. Pengguna kembali ke form withdrawal 2. Tidak ada transaksi baru di riwayat 3. Saldo tetap Rp200.000 4. Tidak ada OTP yang diproses/transaksi yang terbentuk | K4: Not Executed
A5: WD-NEG-01 | B5: Withdraw Rupiah - Withdrawal Amount | C5: Nominal withdrawal dikosongkan ditolak | D5: Negative | E5: High | F5: 1. User dummy_user (QA001) sudah login 2. Saldo Rp200.000 3. Rekening BCA 1234567890 a.n. Budi QA terdaftar & terverifikasi 4. Berada di halaman Withdraw Rupiah | G5: 1. Biarkan field nominal kosong 2. Pilih rekening tujuan BCA 1234567890 3. Tap tombol Lanjut | H5: Nominal: (kosong) | I5: 1. Sistem menolak dan menampilkan pesan validasi bahwa nominal wajib diisi 2. Tidak lanjut ke halaman konfirmasi/OTP 3. Saldo tetap Rp200.000 | K5: Not Executed
A6: WD-NEG-02 | B6: Withdraw Rupiah - Withdrawal Amount | C6: Nominal 0 ditolak (bukan bilangan bulat positif) | D6: Negative | E6: High | F6: 1. User dummy_user (QA001) sudah login 2. Saldo Rp200.000 3. Rekening BCA 1234567890 a.n. Budi QA terdaftar & terverifikasi 4. Berada di halaman Withdraw Rupiah | G6: 1. Input nominal withdrawal 0 2. Pilih rekening tujuan BCA 1234567890 (Budi QA) 3. Tap tombol Lanjut | H6: Nominal: 0 | I6: 1. Sistem menolak dan menampilkan pesan validasi 2. Tidak lanjut ke halaman konfirmasi/OTP 3. Saldo tetap Rp200.000 | K6: Not Executed
A7: WD-NEG-03 | B7: Withdraw Rupiah - Withdrawal Amount | C7: Nominal negatif ditolak | D7: Negative | E7: High | F7: 1. User dummy_user (QA001) sudah login 2. Saldo Rp200.000 3. Rekening BCA 1234567890 a.n. Budi QA terdaftar & terverifikasi 4. Berada di halaman Withdraw Rupiah | G7: 1. Input nominal withdrawal -50000 2. Pilih rekening tujuan BCA 1234567890 (Budi QA) 3. Tap tombol Lanjut | H7: Nominal: -50000 | I7: 1. Karakter '-' tidak dapat diinput ATAU nominal ditolak dengan pesan validasi 2. Tidak lanjut ke halaman konfirmasi/OTP 3. Saldo tetap Rp200.000 | K7: Not Executed
A8: WD-NEG-04 | B8: Withdraw Rupiah - Withdrawal Amount | C8: Nominal desimal ditolak | D8: Negative | E8: Medium | F8: 1. User dummy_user (QA001) sudah login 2. Saldo Rp200.000 3. Rekening BCA 1234567890 a.n. Budi QA terdaftar & terverifikasi 4. Berada di halaman Withdraw Rupiah | G8: 1. Input nominal withdrawal 50000.5 / 50000,75 2. Pilih rekening tujuan BCA 1234567890 (Budi QA) 3. Tap tombol Lanjut 4. Ulangi untuk setiap data uji | H8: Nominal: 50000.5 Nominal: 50000,75 | I8: 1. Input desimal tidak diterima (separator dibatasi) ATAU ditolak dengan pesan validasi 2. Tidak lanjut ke halaman konfirmasi/OTP 3. Saldo tetap Rp200.000 | K8: Not Executed
A9: WD-NEG-05 | B9: Withdraw Rupiah - Withdrawal Amount | C9: Nominal non-numerik / karakter khusus / spasi ditolak | D9: Negative | E9: Medium | F9: 1. User dummy_user (QA001) sudah login 2. Saldo Rp200.000 3. Rekening BCA 1234567890 a.n. Budi QA terdaftar & terverifikasi 4. Berada di halaman Withdraw Rupiah | G9: 1. Input nominal sesuai data uji satu per satu (ketik dan copy-paste) 2. Pilih rekening tujuan BCA 1234567890 3. Tap tombol Lanjut | H9: abc 5o000 (huruf 'o') @#$% ' ' (spasi saja) 50 000 (spasi di tengah) 050000 (leading zero) | I9: 1. Karakter non-angka tidak dapat diinput ATAU nominal ditolak dengan pesan validasi 2. Aplikasi tidak crash/force close 3. Tidak lanjut ke halaman konfirmasi dengan nilai tidak valid 4. Saldo tetap Rp200.000 | K9: Not Executed
A10: WD-NEG-06 | B10: Withdraw Rupiah - Withdrawal Amount | C10: Nominal di bawah minimum (Rp5.000) ditolak | D10: Negative | E10: High | F10: 1. User dummy_user (QA001) sudah login 2. Saldo Rp200.000 3. Rekening BCA 1234567890 a.n. Budi QA terdaftar & terverifikasi 4. Berada di halaman Withdraw Rupiah | G10: 1. Input nominal withdrawal 5000 2. Pilih rekening tujuan BCA 1234567890 (Budi QA) 3. Tap tombol Lanjut | H10: Nominal: 5000 | I10: 1. Sistem menolak dan menampilkan pesan validasi minimum withdrawal Rp10.000 2. Tidak lanjut ke halaman konfirmasi/OTP 3. Saldo tetap Rp200.000 | K10: Not Executed
A11: WD-NEG-07 | B11: Withdraw Rupiah - Withdrawal Amount | C11: Nominal di atas maksimum (Rp150.000) ditolak walaupun saldo mencukupi | D11: Negative | E11: High | F11: 1. User dummy_user (QA001) sudah login 2. Saldo Rp200.000 3. Rekening BCA 1234567890 a.n. Budi QA terdaftar & terverifikasi 4. Berada di halaman Withdraw Rupiah | G11: 1. Input nominal withdrawal 150000 2. Pilih rekening tujuan BCA 1234567890 (Budi QA) 3. Tap tombol Lanjut | H11: Nominal: 150000 Saldo: Rp200.000 (cukup untuk 150.000 + 2.500) | I11: 1. Sistem menolak dan menampilkan pesan validasi maksimum Rp100.000 per transaksi 2. Tidak lanjut ke halaman konfirmasi/OTP 3. Saldo tetap Rp200.000 | K11: Not Executed
A12: WD-NEG-08 | B12: Withdraw Rupiah - Withdrawal Amount | C12: Nominal sangat besar (potensi overflow) ditolak tanpa crash | D12: Negative | E12: Low | F12: 1. User dummy_user (QA001) sudah login 2. Saldo Rp200.000 3. Rekening BCA 1234567890 a.n. Budi QA terdaftar & terverifikasi 4. Berada di halaman Withdraw Rupiah | G12: 1. Input nominal withdrawal 99999999999999999999 2. Pilih rekening tujuan BCA 1234567890 (Budi QA) 3. Tap tombol Lanjut | H12: Nominal: 99999999999999999999 | I12: 1. Sistem menolak dengan pesan validasi (di atas maksimum) 2. Tidak terjadi overflow (nilai tidak berubah menjadi negatif/valid) 3. Aplikasi tidak crash; saldo tetap Rp200.000 | K12: Not Executed
A13: WD-BVA-01 | B13: Withdraw Rupiah - Withdrawal Amount | C13: Nominal minimum Rp10.000 diterima dan diproses | D13: Boundary | E13: High | F13: 1. User dummy_user (QA001) sudah login 2. Saldo Rp200.000 3. Rekening BCA 1234567890 a.n. Budi QA terdaftar & terverifikasi 4. Berada di halaman Withdraw Rupiah | G13: 1. Input nominal withdrawal 10000 2. Pilih rekening tujuan BCA 1234567890 (Budi QA) 3. Tap tombol Lanjut 4. Pada halaman konfirmasi, tap Konfirmasi 5. Input OTP 123456 sebelum 60 detik sejak OTP diterbitkan 6. Tap tombol Verifikasi/Submit 7. Periksa status dan saldo | H13: Nominal: 10000 OTP: 123456 | I13: 1. Nominal diterima; konfirmasi: total dipotong Rp12.500 2. Status Completed 3. Saldo menjadi Rp187.500 | K13: Not Executed
... A56: WD-DUP-06 | B56: Withdraw Rupiah - Duplicate Prevention | C56: Dua withdrawal terpisah dengan nominal dan rekening sama diproses sebagai dua transaksi berbeda | D56: Positive | E56: Medium | F56: 1. User dummy_user (QA001) sudah login 2. Saldo Rp200.000 3. Rekening BCA 1234567890 a.n. Budi QA terdaftar & terverifikasi 4. Berada di halaman Withdraw Rupiah | G56: 1. Lakukan withdrawal 50000 ke BCA sampai Completed (OTP 123456) 2. Mulai transaksi baru 50000 ke BCA, selesaikan dengan OTP baru yang valid 3. Periksa riwayat dan saldo | H56: Transaksi 1: 50000 (BCA) Transaksi 2: 50000 (BCA) | I56: 1. Dua transaksi terpisah (ID berbeda) tidak diblokir sebagai duplikat 2. Saldo akhir Rp95.000 (200.000 - 52.500 x 2) 3. Riwayat berisi 2 transaksi Completed | K56: Not Executed

Sheet Traceability
A1: Req ID | B1: Kelompok | C1: Requirement | D1: Test Case ID | E1: Jumlah TC | F1: Coverage
A2: A.1 | B2: Withdrawal Amount | C2: Minimum withdrawal Rp10.000 | D2: WD-POS-01, WD-NEG-02, WD-NEG-06, WD-BVA-01, WD-BVA-02, WD-BVA-03, WD-BAL-06 | E2: =IF(D2="",0,LEN(D2)-LEN(SUBSTITUTE(D2,",",""))+1) -> 7 | F2: =IF(E2>0,"Covered","NOT COVERED") -> Covered
A3: A.2 | B3: Withdrawal Amount | C3: Maximum withdrawal Rp100.000 per transaksi | D3: WD-POS-01, WD-NEG-07, WD-NEG-08, WD-BVA-04, WD-BVA-05, WD-BVA-06 | E3: =IF(D3="",0,LEN(D3)-LEN(SUBSTITUTE(D3,",",""))+1) -> 6 | F3: =IF(E3>0,"Covered","NOT COVERED") -> Covered
A4: A.3 | B4: Withdrawal Amount | C4: Biaya administrasi Rp2.500 per transaksi | D4: WD-POS-01, WD-POS-02, WD-BVA-01, WD-BVA-03, WD-BVA-04, WD-BVA-06, WD-BAL-01, WD-BAL-03 | E4: =IF(D4="",0,LEN(D4)-LEN(SUBSTITUTE(D4,",",""))+1) -> 8 | F4: =IF(E4>0,"Covered","NOT COVERED") -> Covered
A5: A.4 | B5: Withdrawal Amount | C5: Saldo harus cukup untuk nominal + biaya administrasi | D5: WD-POS-01, WD-BVA-04, WD-BAL-01, WD-BAL-02, WD-BAL-03, WD-BAL-04, WD-BAL-05, WD-BAL-06, WD-BAL-07, WD-DUP-05, WD-DUP-06 | E5: =IF(D5="",0,LEN(D5)-LEN(SUBSTITUTE(D5,",",""))+1) -> 11 | F5: =IF(E5>0,"Covered","NOT COVERED") -> Covered
A6: A.5 | B6: Withdrawal Amount | C6: Nominal wajib diisi dan berupa bilangan bulat positif | D6: WD-POS-01, WD-NEG-01, WD-NEG-02, WD-NEG-03, WD-NEG-04, WD-NEG-05 | E6: =IF(D6="",0,LEN(D6)-LEN(SUBSTITUTE(D6,",",""))+1) -> 6 | F6: =IF(E6>0,"Covered","NOT COVERED") -> Covered
A7: A.6 | B7: Withdrawal Amount | C7: Nominal tidak valid ditolak dengan pesan validasi | D7: WD-NEG-01, WD-NEG-02, WD-NEG-03, WD-NEG-04, WD-NEG-05, WD-NEG-06, WD-NEG-07, WD-NEG-08, WD-BVA-02, WD-BVA-05, WD-BAL-02, WD-BAL-03, WD-BAL-05, WD-BAL-06, WD-BNK-02 | E7: =IF(D7="",0,LEN(D7)-LEN(SUBSTITUTE(D7,",",""))+1) -> 15 | F7: =IF(E7>0,"Covered","NOT COVERED") -> Covered
A8: B.1 | B8: Bank Account | C8: Hanya ke rekening terdaftar dan terverifikasi | D8: WD-POS-01, WD-BNK-01, WD-BNK-03, WD-BNK-04, WD-BNK-06 | E8: =IF(D8="",0,LEN(D8)-LEN(SUBSTITUTE(D8,",",""))+1) -> 5 | F8: =IF(E8>0,"Covered","NOT COVERED") -> Covered
A9: B.2 | B9: Bank Account | C9: Wajib memilih rekening tujuan | D9: WD-POS-01, WD-BNK-02, WD-BNK-03, WD-BNK-06 | E9: =IF(D9="",0,LEN(D9)-LEN(SUBSTITUTE(D9,",",""))+1) -> 4 | F9: =IF(E9>0,"Covered","NOT COVERED") -> Covered
A10: B.3 | B10: Bank Account | C10: Konfirmasi menampilkan bank, nomor tersamarkan, nama pemilik | D10: WD-POS-01, WD-POS-02, WD-BNK-01, WD-BNK-06 | E10: =IF(D10="",0,LEN(D10)-LEN(SUBSTITUTE(D10,",",""))+1) -> 4 | F10: =IF(E10>0,"Covered","NOT COVERED") -> Covered
A11: B.4 | B11: Bank Account | C11: Tidak dapat lanjut jika rekening tidak tersedia/tidak valid | D11: WD-BNK-03, WD-BNK-04, WD-BNK-05 | E11: =IF(D11="",0,LEN(D11)-LEN(SUBSTITUTE(D11,",",""))+1) -> 3 | F11: =IF(E11>0,"Covered","NOT COVERED") -> Covered
A12: C.1 | B12: OTP Verification | C12: Setiap withdrawal wajib verifikasi OTP | D12: WD-POS-01, WD-POS-03, WD-OTP-01, WD-OTP-03 | E12: =IF(D12="",0,LEN(D12)-LEN(SUBSTITUTE(D12,",",""))+1) -> 4 | F12: =IF(E12>0,"Covered","NOT COVERED") -> Covered
A13: C.2 | B13: OTP Verification | C13: OTP terdiri dari 6 digit angka | D13: WD-POS-01, WD-OTP-01, WD-OTP-04, WD-OTP-05, WD-OTP-06 | E13: =IF(D13="",0,LEN(D13)-LEN(SUBSTITUTE(D13,",",""))+1) -> 5 | F13: =IF(E13>0,"Covered","NOT COVERED") -> Covered
... A25: E.7 | B25: Transaction Status & Balance | C25: Riwayat menampilkan nominal, rekening tujuan, status, info transaksi | D25: WD-POS-01, WD-BNK-01, WD-BNK-06, WD-TRX-05, WD-TRX-06 | E25: =IF(D25="",0,LEN(D25)-LEN(SUBSTITUTE(D25,",",""))+1) -> 5 | F25: =IF(E25>0,"Covered","NOT COVERED") -> Covered
A27: Total requirement | E27: =COUNTA(A2:A25) -> 24
A28: Covered | E28: =COUNTIF(F2:F25,"Covered") -> 24

Sheet Test Data
A1: Sumber | B1: Data | C1: Nilai / Keterangan | D1: Dipakai di Test Case
A2: Dummy data (dari dokumen) | B2: User ID | C2: QA001
A3: Dummy data (dari dokumen) | B3: Username | C3: dummy_user
A4: Dummy data (dari dokumen) | B4: Initial Balance | C4: Rp200.000
A5: Dummy data (dari dokumen) | B5: Bank / No. Rekening / Pemilik | C5: BCA / 1234567890 / Budi QA
A6: Dummy data (dari dokumen) | B6: Valid OTP | C6: 123456
A7: Dummy data (dari dokumen) | B7: OTP Expiration | C7: 60 detik
A8: Dummy data (dari dokumen) | B8: Admin Fee | C8: Rp2.500
A9: Data tambahan | B9: Saldo Rp40.000 | C9: Saldo kurang dari nominal | D9: WD-BAL-02
A10: Data tambahan | B10: Saldo Rp50.000 | C10: Saldo = nominal, kurang fee | D10: WD-BAL-03
A11: Data tambahan | B11: Saldo Rp52.500 | C11: Saldo = nominal + fee | D11: WD-BAL-04, WD-DUP-05
A12: Data tambahan | B12: Saldo Rp52.499 | C12: Saldo kurang Rp1 dari nominal + fee | D12: WD-BAL-05
A13: Data tambahan | B13: Saldo Rp5.000 | C13: Saldo di bawah minimum withdrawal | D13: WD-BAL-06
A14: Data tambahan | B14: Rekening kedua | C14: Mandiri / 0987654321 / Siti QA (terverifikasi) | D14: WD-BNK-06
A15: Data tambahan | B15: Rekening belum terverifikasi | C15: Status belum terverifikasi | D15: WD-BNK-04
A16: Data tambahan | B16: User tanpa rekening | C16: User tanpa rekening terdaftar | D16: WD-BNK-03

Sheet Summary
A1: Ringkasan Test Case - Withdraw Rupiah
A3: Kategori (sesuai assignment) | B3: Jumlah TC
A4: Positive Testing | B4: =COUNTIF('Test Cases'!$A$2:$A$56,"WD-POS-*") -> 3
A5: Negative Testing | B5: =COUNTIF('Test Cases'!$A$2:$A$56,"WD-NEG-*") -> 8
A6: Boundary Value Testing | B6: =COUNTIF('Test Cases'!$A$2:$A$56,"WD-BVA-*") -> 6
A7: Balance Validation | B7: =COUNTIF('Test Cases'!$A$2:$A$56,"WD-BAL-*") -> 7
A8: Bank Validation | B8: =COUNTIF('Test Cases'!$A$2:$A$56,"WD-BNK-*") -> 6
A9: OTP Verification | B9: =COUNTIF('Test Cases'!$A$2:$A$56,"WD-OTP-*") -> 12
A10: Transaction Validation | B10: =COUNTIF('Test Cases'!$A$2:$A$56,"WD-TRX-*") -> 7
A11: Duplicate Prevention | B11: =COUNTIF('Test Cases'!$A$2:$A$56,"WD-DUP-*") -> 6
A12: Total Test Case | B12: =SUM(B4:B11) -> 55
A14: Test Type | B14: Jumlah TC
A15: Positive | B15: =COUNTIF('Test Cases'!$D$2:$D$56,A15) -> 12
A16: Negative | B16: =COUNTIF('Test Cases'!$D$2:$D$56,A16) -> 32
A17: Boundary | B17: =COUNTIF('Test Cases'!$D$2:$D$56,A17) -> 11
A19: Priority | B19: Jumlah TC
A20: High | B20: =COUNTIF('Test Cases'!$E$2:$E$56,A20) -> 38
A21: Medium | B21: =COUNTIF('Test Cases'!$E$2:$E$56,A21) -> 15
A22: Low | B22: =COUNTIF('Test Cases'!$E$2:$E$56,A22) -> 2
A24: Status | B24: Jumlah TC
A25: Not Executed | B25: =COUNTIF('Test Cases'!$K$2:$K$56,A25) -> 55
